{
  "source_stl": "input/3d-enclosure-for-xiao-bus-servo-adapter-top.stl",
  "grid_pitch": 0.5,
  "base_bottom": 34.6099967956543,
  "base_top": 57.94502258300781,
  "base_primitive": {
    "kind": "rounded_rectangle",
    "params": {
      "width": 35.47836655894793,
      "height": 55.419330519267305,
      "radius": 9.5444513832141
    },
    "fit_error": 0.0,
    "rotation_deg": -1.4808449918261317
  },
  "features": [
    {
      "op": "add",
      "z_start": 34.6099967956543,
      "height": 17.052555086224032,
      "primitive": {
        "kind": "rounded_rectangle",
        "params": {
          "width": 35.47836655894793,
          "height": 55.419330519267305,
          "radius": 9.5444513832141
        },
        "fit_error": 0.0,
        "rotation_deg": -1.4808449918261317
      },
      "centers": [
        [
          64.44987883030423,
          -98.58886803670639
        ]
      ],
      "center_3d": [
        64.44987883030423,
        -98.58886803670639,
        43.13627624511719
      ],
      "axis": "z",
      "rotation_deg": -1.4808449918261317,
      "area": 32195.042784730846,
      "source": "ga_hybrid"
    },
    {
      "op": "add",
      "z_start": 35.35663604736328,
      "height": 19.22883427661353,
      "primitive": {
        "kind": "rounded_rectangle",
        "params": {
          "width": 35.16981796787613,
          "height": 37.92309008411482,
          "radius": 0.3383704818062793
        },
        "fit_error": 0.0,
        "rotation_deg": 0.0
      },
      "centers": [
        [
          61.957007872787536,
          -89.08370541233876
        ]
      ],
      "center_3d": [
        61.957007872787536,
        -89.08370541233876,
        44.97105377361892
      ],
      "axis": "z",
      "rotation_deg": 0.0,
      "area": 25644.53275718666,
      "source": "ga_hybrid"
    },
    {
      "op": "add",
      "z_start": 44.20363998413086,
      "height": 12.603347944871295,
      "primitive": {
        "kind": "rectangle",
        "params": {
          "width": 35.415213179734465,
          "height": 56.43645421749241
        },
        "fit_error": 0.0,
        "rotation_deg": 0.4518243902943766
      },
      "centers": [
        [
          61.28899688073964,
          -77.00233172252791
        ]
      ],
      "center_3d": [
        61.28899688073964,
        -77.00233172252791,
        50.50531241840908
      ],
      "axis": "z",
      "rotation_deg": 0.4518243902943766,
      "area": 25190.425688719642,
      "source": "ga_hybrid"
    },
    {
      "op": "add",
      "z_start": 44.77383804321289,
      "height": 11.665184364093975,
      "primitive": {
        "kind": "rounded_rectangle",
        "params": {
          "width": 36.221176630348126,
          "height": 55.32880884395535,
          "radius": 1.4107601442848678
        },
        "fit_error": 0.0,
        "rotation_deg": 0.0
      },
      "centers": [
        [
          61.72736829583428,
          -78.70003169061027
        ]
      ],
      "center_3d": [
        61.72736829583428,
        -78.70003169061027,
        50.60642949123732
      ],
      "axis": "z",
      "rotation_deg": 0.0,
      "area": 23357.969926853373,
      "source": "ga_hybrid"
    },
    {
      "op": "add",
      "z_start": 35.8906135559082,
      "height": 17.4767164960273,
      "primitive": {
        "kind": "rounded_rectangle",
        "params": {
          "width": 35.37642578284047,
          "height": 38.54680061375859,
          "radius": 1.5049836945268023
        },
        "fit_error": 0.0,
        "rotation_deg": 0.45995369022841714
      },
      "centers": [
        [
          62.23665306384195,
          -90.53387842250378
        ]
      ],
      "center_3d": [
        62.23665306384195,
        -90.53387842250378,
        44.62897363641851
      ],
      "axis": "z",
      "rotation_deg": 0.45995369022841714,
      "area": 23798.11054951794,
      "source": "ga_hybrid"
    },
    {
      "op": "add",
      "z_start": 43.56441879272461,
      "height": 12.332986044297245,
      "primitive": {
        "kind": "circle",
        "params": {
          "radius": 14.978224679698224
        },
        "fit_error": 0.0,
        "axis": "z"
      },
      "centers": [
        [
          75.32551437971773,
          -92.48540865449786
        ]
      ],
      "center_3d": [
        75.32551437971773,
        -92.48540865449786,
        49.73091299559619
      ],
      "axis": "z",
      "rotation_deg": 0.0,
      "area": 8692.381814973289,
      "source": "ga_hybrid"
    },
    {
      "op": "add",
      "z_start": 36.486671447753906,
      "height": 19.503552171677466,
      "primitive": {
        "kind": "rectangle",
        "params": {
          "width": 22.70208487248565,
          "height": 17.046347166877652
        },
        "fit_error": 0.0,
        "rotation_deg": 0.47383433149366283
      },
      "centers": [
        [
          60.28653210234118,
          -98.7998913336495
        ]
      ],
      "center_3d": [
        60.28653210234118,
        -98.7998913336495,
        46.23844885877273
      ],
      "axis": "z",
      "rotation_deg": 0.47383433149366283,
      "area": 7547.6332393559,
      "source": "ga_hybrid"
    },
    {
      "op": "cut",
      "z_start": 36.60829544067383,
      "height": 12.743600152570256,
      "primitive": {
        "kind": "rectangle",
        "params": {
          "width": 26.723629858782843,
          "height": 38.127984675044075
        },
        "fit_error": 0.0,
        "rotation_deg": -0.12187274818887772
      },
      "centers": [
        [
          64.42702924936533,
          -97.91236718813947
        ]
      ],
      "center_3d": [
        64.42702924936533,
        -97.91236718813947,
        42.98009480286356
      ],
      "axis": "z",
      "rotation_deg": -0.12187274818887772,
      "area": 12984.685488193,
      "source": "ga_hybrid"
    },
    {
      "op": "cut",
      "z_start": 34.61000061035156,
      "height": 19.640231080150325,
      "primitive": {
        "kind": "circle",
        "params": {
          "radius": 12.065501557751569
        },
        "fit_error": 0.0,
        "axis": "z"
      },
      "centers": [
        [
          64.25407520508189,
          -92.33278957151732
        ]
      ],
      "center_3d": [
        64.25407520508189,
        -92.33278957151732,
        44.43011474609375
      ],
      "axis": "z",
      "rotation_deg": 0.0,
      "area": 8982.293176180308,
      "source": "ga_hybrid"
    },
    {
      "op": "cut",
      "z_start": 35.71125411987305,
      "height": 16.313190058601315,
      "primitive": {
        "kind": "rectangle",
        "params": {
          "width": 26.35238780962225,
          "height": 21.644824487452144
        },
        "fit_error": 0.0,
        "rotation_deg": -0.24347484469612368
      },
      "centers": [
        [
          64.51215105905565,
          -90.65541532859142
        ]
      ],
      "center_3d": [
        64.51215105905565,
        -90.65541532859142,
        43.86785012635342
      ],
      "axis": "z",
      "rotation_deg": -0.24347484469612368,
      "area": 9304.926300698127,
      "source": "ga_hybrid"
    },
    {
      "op": "add",
      "z_start": 39.54307556152344,
      "height": 12.879089471492133,
      "primitive": {
        "kind": "circle",
        "params": {
          "radius": 13.352514635829763
        },
        "fit_error": 0.0,
        "axis": "z"
      },
      "centers": [
        [
          64.56421487243679,
          -97.14371344446884
        ]
      ],
      "center_3d": [
        64.56421487243679,
        -97.14371344446884,
        45.98262203310629
      ],
      "axis": "z",
      "rotation_deg": 0.0,
      "area": 7213.751179303479,
      "source": "ga_hybrid"
    },
    {
      "op": "cut",
      "z_start": 34.79216003417969,
      "height": 18.786812315654313,
      "primitive": {
        "kind": "circle",